ts_code,name,industry,float_date,ratio,share_wan,amount_yi,src
688702.SH,盛科通信,半导体,20260914,50.49,20700.8,624.13,推导36mo
920038.BJ,森合高科,化工原料,20260915,18.23,1905.1,7.0,已公告
301550.SZ,斯菱智驱,汽车配件,20260915,38.81,13013.5,116.5,推导36mo
920469.BJ,富恒新材,塑料,20260918,26.6,3749.8,2.2,推导36mo
301548.SZ,崇德科技,机械基件,20260920,66.45,5780.8,30.55,推导36mo
688716.SH,中研股份,化工原料,20260920,42.53,5175.3,13.26,推导36mo
920059.BJ,双英集团,汽车配件,20260921,27.64,4203.6,5.31,已公告
301500.SZ,飞南资源,环境保护,20260921,74.33,41703.2,99.88,推导36mo
920022.BJ,世昌股份,汽车配件,20260921,18.47,1114.0,2.1,已公告
603418.SH,友升股份,汽车配件,20260923,24.18,4668.4,21.52,已公告
301520.SZ,万邦医药,生物制药,20260925,64.91,6047.3,32.05,推导36mo
603276.SH,恒兴新材,化工原料,20260925,63.26,13136.9,21.58,推导36mo
920665.BJ,科强股份,橡胶,20260926,50.63,6580.9,5.59,推导36mo
920015.BJ,锦华新材,化工原料,20260928,71.22,9655.4,35.15,已公告
301558.SZ,三态股份,互联网,20260928,72.18,56936.9,36.44,推导36mo
301668.SZ,昊创瑞通,电气设备,20260928,21.88,2407.1,7.53,已公告
688719.SH,爱科赛博,电气设备,20260928,22.24,2566.3,13.83,推导36mo
301584.SZ,建发致新,医药商业,20260928,43.88,18487.7,36.07,已公告
920978.BJ,开特股份,汽车配件,20260928,43.93,7909.4,14.57,推导36mo
001285.SZ,瑞立科密,汽车配件,20260930,23.3,4197.8,17.45,已公告
301563.SZ,云汉芯城,元器件,20260930,41.09,3478.3,38.05,已公告
688657.SH,浩辰软件,软件服务,20261010,37.44,3572.6,11.28,推导36mo
301559.SZ,中集环科,专用机械,20261011,85.0,51000.0,65.53,推导36mo
920080.BJ,奥美森,专用机械,20261012,69.51,5769.4,11.83,已公告
920786.BJ,骑士乳业,乳制品,20261013,33.96,7100.2,5.43,推导36mo
920158.BJ,长江能科,专用机械,20261016,73.25,14621.7,11.89,已公告
301517.SZ,陕西华达,元器件,20261017,35.5,5369.3,19.89,推导36mo
603193.SH,润本股份,日用化工,20261017,74.46,30125.7,57.66,推导36mo
601026.SH,道生天合,电气设备,20261019,34.78,22932.1,32.47,已公告
920026.BJ,卓兆点胶,机械基件,20261019,24.62,2828.6,4.89,推导36mo
603273.SH,天元智能,专用机械,20261023,73.98,15937.5,22.66,推导36mo
301489.SZ,思泉新材,元器件,20261024,40.17,4671.3,56.06,推导36mo
920176.BJ,维琪科技,化工原料,20261027,19.97,1174.6,7.52,已公告
920693.BJ,阿为特,机械基件,20261027,49.64,3609.0,8.2,推导36mo
920020.BJ,泰凯英,汽车配件,20261028,73.64,16564.9,24.32,已公告
688759.SH,必贝特,生物制药,20261028,84.0,37803.7,76.55,推导12mo
688765.SH,禾元生物,生物制药,20261028,79.87,28552.9,101.13,推导12mo
688783.SH,西安奕材,半导体,20261028,93.34,376890.0,976.15,推导12mo
001378.SZ,德冠新材,塑料,20261030,51.34,8899.3,16.85,推导36mo
301555.SZ,惠柏新材,化工原料,20261031,47.6,4391.9,14.75,推导36mo
920493.BJ,并行科技,软件服务,20261101,26.32,1594.5,17.31,推导36mo
603107.SH,上海汽配,汽车配件,20261101,35.32,11916.1,13.97,推导36mo
920130.BJ,立方控股,软件服务,20261102,37.89,3494.8,5.67,推导36mo
001376.SZ,百通能源,供气供热,20261103,56.0,27361.0,31.79,推导36mo
920009.BJ,丹娜生物,医疗保健,20261103,87.0,6746.6,22.72,已公告
603376.SH,大明电子,汽车配件,20261106,16.85,6740.0,19.63,已公告
603062.SH,麦加芯彩,染料涂料,20261107,65.67,7092.7,26.16,推导36mo
920833.BJ,美心翼申,汽车配件,20261108,24.33,2786.1,2.88,推导36mo
603092.SH,德力佳,机械基件,20261109,53.57,21428.3,87.68,已公告
001326.SZ,联域股份,电气设备,20261109,67.19,4918.3,36.55,推导36mo
920003.BJ,中诚咨询,建筑工程,20261109,78.51,7113.4,10.76,已公告
920679.BJ,前进科技,机械基件,20261110,33.56,1874.5,2.85,推导36mo
688648.SH,中邮科技,机床制造,20261113,48.88,6647.1,20.19,推导36mo
001306.SZ,夏厦精密,机械基件,20261116,75.37,4742.8,24.68,推导36mo
920132.BJ,泰鹏智能,家居用品,20261116,66.04,7111.1,6.3,推导36mo
920522.BJ,纳科诺尔,专用机械,20261116,17.05,3742.7,6.27,推导36mo
688653.SH,康希通信,半导体,20261117,25.46,10806.8,13.98,推导36mo
920160.BJ,北矿检测,电器仪表,20261118,77.5,8779.2,16.46,已公告
688727.SH,恒坤新材,半导体,20261118,87.98,39529.1,173.34,推导12mo
920570.BJ,坤博精工,机械基件,20261123,49.19,2467.9,5.92,推导36mo
920091.BJ,大鹏工业,专用机械,20261123,76.41,4696.5,12.79,已公告
001233.SZ,海安集团,汽车配件,20261125,43.86,8156.0,34.21,已公告
920124.BJ,南特科技,机械基件,20261127,42.98,6392.7,7.59,已公告
301568.SZ,思泰克,专用机械,20261128,53.73,5548.0,36.86,推导36mo
688652.SH,京仪装备,半导体,20261129,28.12,4725.0,60.12,推导36mo
920579.BJ,机科股份,机械基件,20261130,65.57,8490.6,11.77,推导36mo
301508.SZ,中机认检,电器仪表,20261201,73.98,16724.9,39.77,推导36mo
920035.BJ,精创电气,专用机械,20261202,77.33,5368.3,12.77,已公告
001280.SZ,中国铀业,小金属,20261203,21.07,43581.9,280.01,已公告
920703.BJ,广厦环能,专用机械,20261205,49.4,7445.9,7.12,推导36mo
601083.SH,锦江航运,水运,20261205,85.0,110000.0,132.11,推导36mo
688795.SH,摩尔线程,半导体,20261205,88.09,41402.8,1481.6,推导12mo
688720.SH,艾森股份,半导体,20261206,36.24,4444.9,26.14,推导36mo
301516.SZ,中远通,电气设备,20261208,75.0,21052.6,38.44,推导36mo
688796.SH,百奥赛图,生物制药,20261210,91.36,40829.1,491.58,推导12mo
001239.SZ,永达股份,工程机械,20261212,52.5,12600.0,14.89,推导36mo
920547.BJ,无锡晶海,化学制药,20261212,51.39,3992.3,7.22,推导36mo
301459.SZ,丰茂股份,汽车配件,20261213,74.93,7802.3,24.97,推导36mo
920375.BJ,派诺科技,电气设备,20261214,36.22,5510.1,3.54,推导36mo
603231.SH,索宝蛋白,食品,20261215,44.5,8519.3,14.13,推导36mo
301413.SZ,安培龙,电器仪表,20261218,44.41,6101.7,32.99,推导36mo
920284.BJ,灵鸽科技,专用机械,20261219,36.0,3772.5,5.9,推导36mo
688807.SH,优迅股份,半导体,20261219,80.0,6400.0,218.14,推导12mo
603373.SH,安邦护卫,仓储物流,20261220,57.75,8693.5,34.05,推导36mo
920061.BJ,西磁科技,专用机械,20261221,44.39,3142.6,5.27,推导36mo
001358.SZ,兴欣新材,化工原料,20261221,58.62,7222.4,16.47,推导36mo
601096.SH,宏盛华源,钢加工,20261222,38.58,103217.9,42.84,推导36mo
688805.SH,健信超导,医疗保健,20261224,80.0,13414.4,51.18,推导12mo
920121.BJ,江天科技,广告包装,20261225,81.95,5414.3,14.78,已公告
301526.SZ,国际复材,玻璃,20261226,62.76,236648.5,726.27,推导36mo
603004.SH,鼎龙科技,化工原料,20261227,75.0,17664.0,31.27,推导36mo
920363.BJ,莱赛激光,电器仪表,20261228,43.15,5351.0,5.31,推导36mo
301578.SZ,辰奕智能,IT设备,20261228,71.57,7581.0,17.4,推导36mo
301566.SZ,达利凯普,元器件,20261229,46.02,18410.0,47.22,推导36mo
001369.SZ,双欣材料,化纤,20261230,35.35,40552.0,48.78,已公告
688809.SH,强一股份,半导体,20261230,80.0,10364.7,512.86,推导12mo
920045.BJ,蘅东光,通信设备,20261231,70.43,6712.2,391.45,已公告
688717.SH,艾罗能源,电气设备,20270103,38.1,6095.2,25.97,推导36mo
920690.BJ,捷众科技,汽车配件,20270105,34.99,3016.1,4.54,推导36mo
603402.SH,陕西旅游,旅游景点,20270106,34.29,3447.5,21.29,已公告
603325.SH,博隆技术,化工机械,20270110,57.27,4582.1,23.78,推导36mo
603312.SH,西典新能,电气设备,20270111,68.18,10908.0,33.9,推导36mo
001387.SZ,雪祺电气,家用电器,20270111,36.39,6658.4,7.85,推导36mo
603352.SH,至信股份,汽车配件,20270115,17.19,3896.1,9.71,已公告
301567.SZ,贝隆精密,元器件,20270116,70.5,5076.0,17.31,推导36mo
920086.BJ,科马材料,汽车配件,20270118,67.29,5630.8,11.15,已公告
601033.SH,永兴股份,环境保护,20270118,73.33,66000.0,95.77,推导36mo
920403.BJ,康农种业,种植业,20270118,40.53,4429.4,9.43,推导36mo
001379.SZ,腾达科技,机械基件,20270119,66.35,13270.2,20.64,推导36mo
920050.BJ,爱伦医疗,医疗保健,20270121,73.25,4957.7,13.61,已公告
920076.BJ,国亮新材,其他建材,20270122,68.54,8025.6,10.26,已公告
603375.SH,盛景微,半导体,20270124,36.64,3688.6,16.04,推导36mo
301577.SZ,美信科技,元器件,20270124,58.16,2618.8,14.67,推导36mo
920159.BJ,农大科技,农药化肥,20270128,79.84,6068.0,19.07,已公告
688785.SH,恒运昌,半导体,20270128,79.99,5415.7,153.29,推导12mo
603082.SH,北自科技,运输设备,20270130,75.65,12601.6,56.64,推导36mo
920119.BJ,美德乐,专用机械,20270201,72.7,7340.2,37.79,已公告
920656.BJ,海昇药业,化学制药,20270202,18.37,1837.1,2.62,推导36mo
301502.SZ,华阳智能,电气设备,20270202,58.53,3341.3,16.25,推导36mo
001220.SZ,世盟股份,仓储物流,20270203,20.82,1921.8,5.79,已公告
688712.SH,北芯生命,医疗保健,20270205,89.06,37140.0,110.08,推导12mo
688709.SH,成都华微,半导体,20270207,65.18,41510.1,96.93,推导36mo
301589.SZ,诺瓦星云,IT设备,20270208,62.72,5798.3,81.09,推导36mo
688584.SH,上海合晶,半导体,20270208,48.7,32589.5,78.83,推导36mo
688818.SH,电科蓝天,航空,20270210,91.82,159490.3,671.29,推导12mo
688816.SH,易思维,专用机械,20270211,79.46,7946.4,35.93,推导12mo
920166.BJ,海圣医疗,医疗保健,20270212,68.44,5152.9,9.81,已公告
301591.SZ,肯特股份,塑料,20270228,59.13,6466.1,28.09,推导36mo
603341.SH,龙旗科技,通信设备,20270301,48.83,25518.8,89.6,推导36mo
920183.BJ,海菲曼,IT设备,20270304,75.57,3699.3,10.88,已公告
920187.BJ,通领科技,汽车配件,20270305,32.24,2917.0,4.94,已公告
301680.SZ,固德电材,汽车配件,20270308,29.6,2450.7,23.36,已公告
920706.BJ,铁拓机械,工程机械,20270308,49.61,4693.3,6.51,推导36mo
920036.BJ,觅睿科技,IT设备,20270309,76.0,4136.1,12.17,已公告
301588.SZ,美新科技,家居用品,20270313,38.29,4550.9,12.45,推导36mo
688695.SH,中创股份,软件服务,20270313,37.22,3165.6,5.77,推导36mo
920078.BJ,族兴新材,小金属,20270318,67.51,8101.2,14.84,已公告
301538.SZ,骏鼎达,塑料,20270320,60.18,6605.2,25.31,推导36mo
603344.SH,星德胜,电气设备,20270320,72.22,14050.0,33.61,推导36mo
920028.BJ,新恒泰,塑料,20270322,60.48,9940.0,14.85,已公告
301682.SZ,宏明电子,元器件,20270325,31.48,3826.0,41.91,已公告
688781.SH,视涯科技,元器件,20270325,95.92,95916.5,336.19,推导12mo
001359.SZ,平安电工,矿物制品,20270328,75.0,18086.3,148.11,推导36mo
301536.SZ,星宸科技,半导体,20270328,55.61,23452.2,260.08,推导36mo
920069.BJ,普昂医疗,医疗保健,20270329,66.91,3540.7,11.21,已公告
920123.BJ,芭薇股份,日用化工,20270329,41.74,4655.5,4.97,推导36mo
920188.BJ,悦龙科技,橡胶,20270330,76.15,6319.9,13.92,已公告
920055.BJ,隆源股份,汽车配件,20270331,77.5,5270.0,13.38,已公告
001257.SZ,盛龙股份,小金属,20270331,33.05,60680.6,139.57,已公告
688813.SH,泰金新能,专用机械,20270331,81.2,12992.3,164.37,推导12mo
301683.SZ,慧谷新材,染料涂料,20270401,31.85,2010.3,18.26,已公告
001389.SZ,广合科技,元器件,20270402,67.77,32035.2,560.62,推导36mo
301587.SZ,中瑞股份,电气设备,20270408,50.14,7387.5,14.87,推导36mo
920011.BJ,晨光电机,电气设备,20270408,77.5,6406.7,11.31,已公告
920931.BJ,无锡鼎邦,化工机械,20270408,69.36,6515.4,6.62,推导36mo
688811.SH,有研复材,小金属,20270410,81.64,40954.8,80.03,推导12mo
688691.SH,灿芯股份,半导体,20270411,39.2,4703.5,27.71,推导36mo
301696.SZ,三瑞智能,电气设备,20270412,19.05,7619.9,69.43,已公告
920181.BJ,赛英电子,元器件,20270412,76.81,3318.0,22.43,已公告
920012.BJ,创达新材,元器件,20270413,60.87,3002.0,14.46,已公告
301539.SZ,宏鑫科技,汽车配件,20270415,47.32,7002.6,10.98,推导36mo
301666.SZ,大普微,IT设备,20270416,68.05,29686.4,1107.6,已公告
920177.BJ,恒道科技,专用机械,20270416,64.59,3379.1,7.67,已公告
603293.SH,埃泰克,汽车配件,20270416,50.94,9123.3,32.71,已公告
301513.SZ,尚水智能,专用机械,20270419,34.62,3462.0,14.22,已公告
688820.SH,盛合晶微,半导体,20270421,90.72,168987.1,2224.88,推导12mo
688808.SH,联讯仪器,电器仪表,20270424,81.21,8337.1,2050.81,推导12mo
920125.BJ,鸿仕达,专用机械,20270426,59.23,3326.1,46.19,已公告
920156.BJ,海昌智能,专用机械,20270427,61.37,6390.3,21.84,已公告
920186.BJ,中科仪,机械基件,20270429,47.7,10676.3,72.79,已公告
920200.BJ,振宏股份,电气设备,20270507,55.01,5587.1,14.6,已公告
688530.SH,欧莱新材,半导体,20270509,56.4,9026.6,49.29,推导36mo
301531.SZ,春光集团,矿物制品,20270511,18.84,4139.3,18.47,已公告
603407.SH,长裕集团,化工原料,20270511,42.1,17171.4,88.66,已公告
301596.SZ,瑞迪智驱,机械基件,20270513,59.42,6419.0,28.92,推导36mo
920178.BJ,锐翔智能,专用机械,20270517,70.04,4618.3,40.65,已公告
001393.SZ,维通利,电气设备,20270517,15.37,3832.0,15.11,已公告
001365.SZ,天海电子,汽车配件,20270518,44.74,23486.0,76.73,已公告
920096.BJ,嘉晨智能,电器仪表,20270518,76.52,5280.0,15.99,已公告
920220.BJ,朗信电气,汽车配件,20270524,68.68,4547.0,18.23,已公告
001237.SZ,惠康科技,电气设备,20270524,44.55,6608.8,31.96,已公告
688635.SH,长进光子,通信设备,20270527,81.04,7591.3,208.96,推导12mo
920161.BJ,龙辰科技,元器件,20270527,45.8,6228.4,12.88,已公告
920002.BJ,万达轴承,工程机械,20270530,29.99,1910.7,9.34,推导36mo
920218.BJ,新天力,塑料,20270531,77.5,7259.5,10.69,已公告
301392.SZ,汇成真空,专用机械,20270605,59.2,5920.4,94.06,推导36mo
300784.SZ,利安科技,塑料,20270607,69.89,3930.3,15.85,推导36mo
920211.BJ,新睿电子,专用机械,20270607,66.29,2280.3,20.89,已公告
301669.SZ,高特电子,电气设备,20270610,47.02,22567.3,55.52,已公告
920083.BJ,金戈新材,矿物制品,20270611,56.08,5006.5,17.13,已公告
688692.SH,达梦数据,软件服务,20270612,34.51,3907.5,79.49,推导36mo
301565.SZ,中仑新材,塑料,20270620,68.0,27200.0,49.78,推导36mo
688797.SH,臻宝科技,半导体,20270624,81.2,12609.8,305.91,推导12mo
603381.SH,永臻股份,电气设备,20270626,40.09,9511.9,13.56,推导36mo
301580.SZ,爱迪特,医疗保健,20270626,32.42,4836.7,25.38,推导36mo
001399.SZ,惠科股份,元器件,20270628,23.9,177053.3,344.19,已公告
920072.BJ,科莱瑞迪,医疗保健,20270629,73.89,5660.3,12.91,已公告
920222.BJ,益坤电气,电气设备,20270630,74.15,6350.3,16.89,已公告
920193.BJ,吉和昌,化工原料,20270702,77.36,8613.1,24.88,已公告
603350.SH,安乃达,电气设备,20270703,62.12,7236.9,19.47,推导36mo
603285.SH,键邦股份,化工原料,20270705,61.06,9770.3,34.7,推导36mo
920189.BJ,康美特,化工原料,20270708,35.59,5032.4,10.06,已公告
920136.BJ,永励精密,汽车配件,20270709,73.75,5900.0,12.15,已公告
301603.SZ,乔锋智能,机床制造,20270710,68.75,8302.8,95.32,推导36mo
301583.SZ,托伦斯,机械基件,20270712,30.99,5747.2,63.41,已公告
920081.BJ,欧伦电气,家用电器,20270712,76.45,5550.0,22.81,已公告
920117.BJ,龙鑫智能,专用机械,20270716,62.23,5590.5,15.51,已公告
688806.SH,泰诺麦博,生物制药,20270721,88.92,40952.1,82.35,推导12mo
301552.SZ,科力装备,汽车配件,20270722,75.0,9282.0,21.99,推导36mo
920079.BJ,乔路铭,汽车配件,20270722,81.44,33905.8,43.84,已公告
301606.SZ,绿联科技,元器件,20270726,60.23,24991.1,133.5,推导36mo
920238.BJ,长鹰硬科,机械基件,20270726,21.85,2081.1,13.69,已公告
920176.BJ,维琪科技,化工原料,20270727,66.22,3895.7,24.93,已公告
688825.SH,长鑫科技,半导体,20270727,93.37,6338106.0,35956.08,推导12mo
920065.BJ,千岸科技,互联网,20270729,32.93,2972.2,9.62,已公告
603391.SH,力聚热能,专用机械,20270731,75.0,6825.0,46.14,推导36mo
301608.SZ,博实结,通信设备,20270801,55.12,7308.9,29.92,推导36mo
920258.BJ,聚仁新材,化工原料,20270803,29.0,11598.1,12.12,已公告
920038.BJ,森合高科,化工原料,20270805,49.08,5128.9,18.83,已公告
688721.SH,龙图光罩,半导体,20270806,58.69,7834.7,29.54,推导36mo
301707.SZ,展芯股份,元器件,20270809,40.85,16795.8,115.34,已公告
301717.SZ,超纯应材,半导体,20270811,29.21,2974.5,96.13,已公告
688828.SH,国仪公司,电器仪表,20270811,93.49,37397.1,326.48,推导12mo
603310.SH,巍华新材,化工原料,20270814,43.82,15133.0,22.49,推导36mo
301611.SZ,珂玛科技,半导体,20270816,66.38,28941.9,248.29,推导36mo
688826.SH,频准激光,元器件,20270818,80.96,3238.2,244.85,推导12mo
688836.SH,宇树科技,专用机械,20270819,92.56,37437.7,1786.23,推导12mo
920059.BJ,双英集团,汽车配件,20270819,44.73,6802.1,8.59,已公告
301655.SZ,绿控传动,汽车配件,20270820,39.65,18064.1,38.44,已公告
301571.SZ,国科天成,元器件,20270821,33.59,6026.3,43.1,推导36mo
920118.BJ,太湖远大,塑料,20270822,39.4,2037.2,4.19,推导36mo
920093.BJ,信胜科技,纺织机械,20270823,82.13,11580.0,21.81,已公告
688835.SH,高凯技术,专用机械,20270825,81.21,8116.8,219.43,推导12mo
603207.SH,小方制药,化学制药,20270826,66.25,10718.1,25.4,推导36mo
301586.SZ,佳力奇,航空,20270828,36.23,3006.4,8.89,推导36mo
920008.BJ,成电光信,通信设备,20270829,46.56,2968.1,7.35,推导36mo
920288.BJ,华大海天,造纸,20270830,66.11,4818.1,8.46,已公告
601123.SH,马矿股份,普钢,20270901,40.03,49427.1,75.43,已公告
301697.SZ,贝特利,化工原料,20270901,31.83,8361.4,20.59,已公告
301688.SZ,格林生物,化工原料,20270902,52.3,6973.7,24.74,已公告
001277.SZ,速达股份,专用机械,20270903,39.74,3020.4,8.86,推导36mo
688710.SH,益诺思,生物制药,20270903,34.42,4852.3,40.26,推导36mo
920071.BJ,金钛股份,小金属,20270903,81.83,20868.0,55.4,已公告
301607.SZ,富特科技,汽车配件,20270904,35.17,8233.7,34.19,推导36mo
920187.BJ,通领科技,汽车配件,20270906,29.74,2690.8,4.56,已公告
920289.BJ,华汇智能,专用机械,20270906,76.26,5185.6,13.77,已公告
920269.BJ,杰锋动力,汽车配件,20270907,85.17,5110.1,18.45,已公告
301699.SZ,C洛轴股份,机械基件,20270909,49.62,35927.9,93.56,已公告
920268.BJ,百迈科,医疗保健,20270909,62.88,3408.3,14.14,已公告
301600.SZ,慧翰股份,通信设备,20270911,69.14,7226.5,54.05,推导36mo
688801.SH,燧原科技,半导体,20270911,95.84,41245.1,1637.43,推导12mo
920016.BJ,中草香料,日用化工,20270913,55.53,4274.5,5.66,推导36mo
920022.BJ,世昌股份,汽车配件,20270920,53.99,3256.6,6.14,已公告
603091.SH,众鑫股份,家居用品,20270920,69.25,9911.6,47.61,推导36mo
920099.BJ,瑞华技术,石油加工,20270925,37.36,3514.7,5.95,推导36mo
688615.SH,合合信息,软件服务,20270926,30.95,6066.2,52.65,推导36mo
301551.SZ,无线传媒,影视音像,20270926,61.36,24545.6,52.55,推导36mo
301618.SZ,长联科技,染料涂料,20270930,61.88,7815.1,23.25,推导36mo
001279.SZ,强邦新材,广告包装,20271011,75.0,12000.0,29.9,推导36mo
920019.BJ,铜冠矿建,建筑工程,20271011,20.32,4273.1,6.93,推导36mo
