ts_code,entry_date,entry_price,shares,exit_date,exit_price,exit_reason,fill_scenario,gross_pnl,fees,ret_pct
301373.SZ,20250701,35.12,9400,20250702,35.964,规则卖出,base,7428.490999999986,505.109,0.022496226740581327
002729.SZ,20250701,15.4,21600,20250702,15.3846,规则卖出,base,-831.184199999927,498.54420000000005,-0.0024981254686326226
002845.SZ,20250701,15.73,21100,20250702,15.74424,规则卖出,base,-197.7660800000471,498.23007999999993,-0.000595706127505138
603207.SH,20250708,33.78,9900,20250709,33.966,规则卖出,base,1337.4652500000134,503.93475,0.0039983343418142315
301123.SZ,20250708,27.25,12300,20250709,25.983990000000002,规则卖出,base,-16055.220596249961,483.29759625,-0.04788903645648209
000796.SZ,20250708,4.44,75500,20250709,4.4955,规则卖出,base,3682.1821874999373,508.0678125,0.01098162959260166
002178.SZ,20250717,7.08,46800,20250718,7.45254,规则卖出,base,16916.062409999966,518.80959,0.051040110735028
002910.SZ,20250717,10.57,31300,20250718,10.25973,规则卖出,base,-10195.573186249992,484.12218625,-0.030809436950128576
688222.SH,20250717,21.46,15400,20250718,22.4775,规则卖出,base,15154.187124999982,515.312875,0.045843065095794965
002652.SZ,20250718,3.62,93600,20250721,3.57642,规则卖出,base,-4582.237139999998,503.14914,-0.01352024562920043
003007.SZ,20250718,34.31,9800,20250721,34.32564,规则卖出,base,-351.276589999991,504.54858999999993,-0.0010444649111694413
600444.SH,20250718,19.06,17700,20250721,20.879099999999998,规则卖出,base,31651.77941249997,546.2905874999999,0.09379796315349276
603280.SH,20250721,28.72,12100,20250722,30.049919999999997,规则卖出,base,15550.64895999993,541.3830399999999,0.044737339342044505
301161.SZ,20250721,29.59,11700,20250722,34.675290000000004,规则卖出,base,58904.21613375004,593.6768662500001,0.17010104984737268
002578.SZ,20250721,3.75,92700,20250722,3.7162800000000002,规则卖出,base,-3643.374194999982,517.530195,-0.010478140464883727
001206.SZ,20250722,25.98,14300,20250723,25.95402,规则卖出,base,-928.3206075000428,556.8066074999999,-0.002498125468632957
002761.SZ,20250722,10.58,35100,20250723,11.37861,规则卖出,base,27439.134986250025,592.0760137500001,0.07387016549265336
002062.SZ,20250722,5.63,66000,20250723,5.85414,规则卖出,base,14217.378449999978,575.86155,0.03825239516053485
301372.SZ,20250729,29.62,13000,20250730,30.4695,规则卖出,base,10452.105624999982,591.394375,0.027137311722035682
600391.SH,20250729,32.03,12000,20250730,32.967,规则卖出,base,10653.404999999995,590.595,0.027710329676400743
001318.SZ,20250729,14.99,25600,20250730,14.975010000000001,规则卖出,base,-958.8803199999514,575.1363200000001,-0.0024981254686327154
002905.SZ,20250730,10.52,37200,20250731,10.989,规则卖出,base,16837.97550000007,608.8245000000001,0.043015268046106524
600408.SH,20250730,2.49,157300,20250731,2.5074899999999998,规则卖出,base,2160.2225287499377,590.95447125,0.005513937780614928
600302.SH,20250730,7.03,55700,20250731,7.12287,规则卖出,base,4579.036426250007,593.82257375,0.01169109038529843
603063.SH,20250731,37.9,10500,20250801,37.84212,规则卖出,base,-1203.9053250000113,596.1653249999999,-0.003024511682105887
002799.SZ,20250731,9.24,43200,20250801,10.14984,规则卖出,base,38657.20463999997,647.8833599999999,0.09682024299120016
603757.SH,20250731,26.13,15200,20250801,27.12285,规则卖出,base,14476.691849999997,614.62815,0.036439950001018684
001400.SZ,20250813,64.94,6400,20250814,65.55438000000001,规则卖出,base,3303.6929600000535,628.3390400000001,0.007946920337978463
603158.SH,20250813,9.3,44800,20250814,9.99,规则卖出,base,30248.39999999994,663.6,0.07258266078641615
000700.SZ,20250813,8.92,46700,20250814,9.260729999999999,规则卖出,base,15267.354886249934,644.7361137499998,0.03664152207463813
001296.SZ,20250826,22.99,18800,20250827,23.3766,规则卖出,base,6610.676900000093,657.4031,0.01529116415980846
603177.SH,20250826,10.89,39700,20250827,11.968020000000001,规则卖出,base,42095.397757500024,701.9962425,0.09734365995278045
001358.SZ,20250826,27.81,15500,20250827,27.972,规则卖出,base,1861.2787499999813,649.7212499999999,0.00431688194456236
002115.SZ,20250828,9.52,47200,20250829,10.109879999999999,规则卖出,base,27133.517079999972,708.8189199999999,0.06036963973292385
300389.SZ,20250828,14.7,30600,20250829,15.80418,规则卖出,base,33070.94311499999,716.9648850000001,0.07350201735280462
002423.SZ,20250828,14.23,31600,20250829,14.59539,规则卖出,base,10857.389095000008,688.9349050000001,0.024139310393764893
603257.SH,20250901,60.48,7800,20250902,63.8361,规则卖出,base,25437.24202500003,740.337975,0.05390823053165286
603004.SH,20250901,24.42,19400,20250902,24.415560000000003,规则卖出,base,-796.6503299999987,710.5143300000001,-0.001681170616436797
000936.SZ,20250901,8.43,56200,20250902,8.4915,规则卖出,base,2741.3306249999596,714.969375,0.005784808246336906
002347.SZ,20250902,7.93,60900,20250903,7.92207,规则卖出,base,-1206.7388287500567,723.8018287499999,-0.002498125468632959
002021.SZ,20250902,2.64,182900,20250903,2.75724,规则卖出,base,20692.108005000024,751.0879950000001,0.04284286882824753
000407.SZ,20250902,4.07,118600,20250903,4.065930000000001,规则卖出,base,-1206.1516224999675,723.4496225000001,-0.002498125468632774
002514.SZ,20250903,6.73,72600,20250904,7.2927,规则卖出,base,40068.057975,783.962025,0.08198568857042797
002150.SZ,20250903,14.4,33900,20250904,15.82416,规则卖出,base,47486.43522000002,792.58878,0.09725206198450392
300277.SZ,20250903,15.46,31600,20250904,15.294690000000001,规则卖出,base,-5950.07025499995,726.274255,-0.01217634546732
300786.SZ,20250930,19.86,25900,20251009,18.59139,规则卖出,base,-33587.48875125001,730.4897512499999,-0.0652814760811308
002045.SZ,20250930,18.29,28200,20251009,18.04194,规则卖出,base,-7760.214885000039,764.922885,-0.015041888789694398
000672.SZ,20250930,11.02,46800,20251009,10.95903,规则卖出,base,-3623.4332550000317,770.037255,-0.007023996042731666
688509.SH,20251021,5.08,98600,20251022,5.1948,规则卖出,base,10553.798899999945,765.4811,0.021064910937619814
002380.SZ,20251021,30.24,16500,20251022,30.19977,规则卖出,base,-1411.4052562500094,747.61025625,-0.002827987199628683
000838.SZ,20251021,2.99,167600,20251022,3.0069899999999996,规则卖出,base,2092.2785949998824,755.245405,0.004174127872713861
002728.SZ,20251022,11.09,45500,20251023,11.14884,规则卖出,base,1916.9809749999479,760.2390249999999,0.003798099167723746
002481.SZ,20251022,6.39,79000,20251023,6.5134799999999995,规则卖出,base,8985.51135,769.40865,0.017795339897420014
002546.SZ,20251022,6.78,74400,20251023,6.77322,规则卖出,base,-1260.4494599999668,756.01746,-0.002498125468632776
300520.SZ,20251023,32.69,15500,20251024,36.10386,规则卖出,base,52088.64396250005,826.1860374999999,0.102775091635473
301289.SZ,20251023,66.47,7600,20251024,65.01492,规则卖出,base,-11802.54273999994,743.9347400000001,-0.023357574928518393
000090.SZ,20251023,4.11,123600,20251024,3.996,规则卖出,base,-14834.781000000065,744.381,-0.029195255930543035
600897.SH,20251028,17.6,29300,20251029,18.0819,规则卖出,base,13328.500412499981,791.1695875,0.025839995966917325
603556.SH,20251028,31.92,16100,20251029,32.847120000000004,规则卖出,base,14137.105710000153,789.52629,0.027501930908250677
601326.SH,20251028,3.95,130800,20251029,4.01598,规则卖出,base,7844.406269999957,785.7777299999999,0.015179122940783708
603629.SH,20251031,26.77,19700,20251103,28.93104,规则卖出,base,41728.218890000004,844.26911,0.0791055019211204
301361.SZ,20251105,40.7,13300,20251106,43.09686,规则卖出,base,31026.425202499973,851.8127974999999,0.057302969712117374
002300.SZ,20251105,7.24,74900,20251106,7.74225,规则卖出,base,36758.087843750036,860.43715625,0.06776789055498562
000720.SZ,20251105,3.86,140500,20251106,4.24575,规则卖出,base,53316.632656250054,881.2423437499999,0.09828574268350021
600218.SH,20251106,10.85,53700,20251107,11.35863,规则卖出,base,26405.321711250002,908.1092887499999,0.045308415983561716
600096.SH,20251106,32.46,17900,20251107,33.066900000000004,规则卖出,base,9978.379612500077,885.1303875000002,0.017169194300315996
600966.SH,20251106,5.74,101500,20251107,5.7942,规则卖出,base,4620.5083750000595,880.7916250000001,0.007928723394064478
002927.SZ,20251107,18.25,32600,20251110,18.401580000000003,规则卖出,base,4042.906115000066,898.601885,0.006793672814673155
002091.SZ,20251107,10.22,58300,20251110,10.779209999999999,规则卖出,base,31667.451571249956,934.4914287499998,0.05313554072342964
002768.SZ,20251107,58.88,10100,20251110,61.61832,规则卖出,base,26730.42871000003,926.6032900000001,0.04493742563000559
300937.SZ,20251112,35.11,17500,20251113,35.4645,规则卖出,base,5274.357812500047,929.3921874999999,0.008582071941427993
603665.SH,20251112,31.3,19700,20251113,32.967,规则卖出,base,31873.935125000044,965.964875,0.051679292636904746
002864.SZ,20251112,35.64,17300,20251113,36.5634,规则卖出,base,15029.993475000065,944.8265250000002,0.02437061189248153
002242.SZ,20251113,11.06,57300,20251114,12.15783,规则卖出,base,61876.419926249975,1029.23907375,0.09761282215612459
600596.SH,20251113,12.39,51200,20251114,12.257729999999999,规则卖出,base,-7715.310720000004,943.08672,-0.01215916057305287
002198.SZ,20251114,7.66,85200,20251117,8.40159,规则卖出,base,62125.54066500003,1057.9273349999999,0.09516850715519558
603628.SH,20251114,15.74,41400,20251117,16.75323,规则卖出,base,40917.83334749994,1029.8886524999998,0.0627767748342456
601279.SH,20251114,5.09,128200,20251117,4.82517,规则卖出,base,-34887.57399250004,936.3679924999999,-0.053451069943712556
300659.SZ,20251117,17.82,37900,20251118,17.922060000000002,规则卖出,base,2850.171907500021,1017.9020925000001,0.004219058871645756
601113.SH,20251117,4.51,149700,20251118,4.4955,规则卖出,base,-3180.6571875000673,1010.0071875,-0.004709881287992958
002753.SZ,20251120,8.23,82000,20251121,8.871120000000001,规则卖出,base,51493.83520000006,1078.0048000000002,0.07628391808487742
301092.SZ,20251120,41.02,16400,20251121,38.961,规则卖出,base,-34734.48250000001,966.8825,-0.05161937818811998
600734.SH,20251120,4.2,160700,20251121,4.515479999999999,规则卖出,base,49621.853954999926,1075.782045,0.07350201735280455
002400.SZ,20251124,9.74,71600,20251125,9.7902,规则卖出,base,2543.7511000000136,1050.5689000000002,0.0036466499391579403
600855.SH,20251124,16.68,41800,20251125,17.00298,规则卖出,base,12437.852294999971,1062.7117050000002,0.01783464655418875
600685.SH,20251124,33.04,21100,20251125,32.257709999999996,规则卖出,base,-17531.40210125017,1025.0831012499998,-0.025141176494617508
002686.SZ,20251202,7.37,94500,20251203,7.9720200000000006,规则卖出,base,55775.078887500065,1115.8111125,0.0800630880271792
000812.SZ,20251202,5.28,131900,20251203,5.40459,规则卖出,base,15368.231223749935,1065.18977625,0.022061579775510574
601500.SH,20251202,4.69,148500,20251203,4.845149999999999,规则卖出,base,21966.27778124992,1073.4972187499998,0.03153178922753309
603738.SH,20251208,17.18,42300,20251209,18.24174,规则卖出,base,43765.39149749993,1146.2105025,0.060208627994340076
300337.SZ,20251208,13.57,53600,20251209,13.336649999999999,规则卖出,base,-13582.953550000104,1075.39355,-0.01866985814342302
603023.SH,20251208,4.95,146900,20251209,5.25474,规则卖出,base,43619.615617499985,1146.6903825,0.05997168889595781
605123.SH,20251212,87.15,8600,20251215,87.23267999999999,规则卖出,base,-414.0758100000117,1125.1238099999998,-0.0005523386795297889
000801.SZ,20251212,17.85,42100,20251215,17.21277,规则卖出,base,-27921.07627125018,1093.69327125,-0.03714524940193546
603992.SH,20251212,33.37,22500,20251215,34.965,规则卖出,base,34716.40312500011,1171.0968750000002,0.04622611952645656
605167.SH,20251222,12.65,59600,20251223,12.43755,规则卖出,base,-13777.102474999978,1115.082475,-0.018268906093634664
000551.SZ,20251222,12.53,60200,20251223,12.777209999999998,规则卖出,base,13731.980447499864,1150.0615524999998,0.018200237450613225
600221.SH,20251222,1.9,397000,20251223,1.8781199999999998,规则卖出,base,-9806.952050000127,1120.5920499999997,-0.01299814520054214
300414.SZ,20251223,15.54,48300,20251224,15.37461,规则卖出,base,-9104.224578749987,1115.88757875,-0.01212652194094332
603203.SH,20251223,35.73,21000,20251224,37.512449999999994,规则卖出,base,36259.16568749994,1172.2843125,0.048312213508335686
000759.SZ,20251223,8.91,84200,20251224,8.7912,规则卖出,base,-11115.78929999993,1112.8293,-0.01481296342581012
300629.SZ,20251224,22.66,33300,20251225,22.51746,规则卖出,base,-5872.515772500023,1125.9337725,-0.0077805714061334914
002947.SZ,20251224,51.98,14500,20251225,52.49745,规则卖出,base,6363.081218749974,1139.94378125,0.008440236756893852
605007.SH,20251224,12.9,58600,20251225,13.786200000000001,规则卖出,base,50732.49585000005,1198.8241500000001,0.06709502856843935
600824.SH,20251225,5.16,149900,20251226,5.2947,规则卖出,base,19006.064587499874,1185.4654125,0.024565878879117264
300668.SZ,20251225,26.6,29000,20251226,26.583389999999998,规则卖出,base,-1638.1878875000634,1156.4978875,-0.0021231247639218838
002197.SZ,20251225,11.1,69600,20251226,10.789200000000001,规则卖出,base,-22763.480399999986,1131.8004,-0.029457635591102205
688158.SH,20251226,29.71,25900,20251229,28.961009999999998,规则卖出,base,-20528.825948750004,1129.98494875,-0.026671849792516533
600736.SH,20251226,6.61,116700,20251229,6.8331599999999995,规则卖出,base,24853.13803499986,1189.6339649999998,0.03221071434108172
603458.SH,20251229,9.49,81400,20251230,9.99,规则卖出,base,39490.39599999996,1209.604,0.05110840308890106
301237.SZ,20251229,58.34,13200,20251230,59.390550000000005,规则卖出,base,12694.793925000002,1172.4660749999998,0.016480741187689024
000420.SZ,20251229,4.65,166200,20251230,4.75524,规则卖出,base,16309.779389999825,1181.1086099999998,0.021098693068668087
603617.SH,20260106,8.18,97300,20260107,7.992,规则卖出,base,-19463.405500000026,1171.0055,-0.024448044468100612
002355.SZ,20260106,6.7,118800,20260107,6.92307,规则卖出,base,25273.650104999997,1227.065895,0.03174447619438424
600955.SH,20260106,17.93,44300,20260107,18.22176,规则卖出,base,11717.363290000038,1207.60471,0.014748142300732727
603125.SH,20260107,18.74,42700,20260108,20.56941,规则卖出,base,76817.86524125011,1297.9417587500002,0.09597457826045105
603488.SH,20260107,8.7,92100,20260108,8.50149,规则卖出,base,-19461.822536249874,1179.05153625,-0.02428264916529473
603015.SH,20260107,14.14,56700,20260108,15.534450000000001,规则卖出,base,77763.87635625011,1301.43864375,0.09696988323640462
301368.SZ,20260108,73.46,11500,20260109,72.08784,规则卖出,base,-17027.300199999812,1247.4602,-0.020150622567608627
001215.SZ,20260108,44.92,18800,20260109,44.91504,规则卖出,base,-1359.8754400000219,1266.62744,-0.0016098780291570287
603333.SH,20260108,8.99,94200,20260109,9.1908,规则卖出,base,17621.428799999998,1293.9312,0.020802808196727234
002777.SZ,20260109,20.31,41600,20260112,21.29868,规则卖出,base,39810.332639999964,1318.7553599999999,0.04710684219639325
002296.SZ,20260109,12.43,68100,20260112,12.7872,规则卖出,base,23025.18885000004,1300.1311500000002,0.02719420707976671
300418.SZ,20260109,54.02,15600,20260112,57.942,规则卖出,base,59842.653000000006,1340.547,0.07099423774193439
300987.SZ,20260112,21.65,40900,20260113,23.126849999999997,规则卖出,base,58999.43354374994,1403.7314562499998,0.06661285890998375
002574.SZ,20260112,6.35,139700,20260113,6.22377,规则卖出,base,-18942.930586249982,1308.59958625,-0.021348554593635036
002523.SZ,20260112,4.92,180300,20260113,4.91508,规则卖出,base,-2216.581155000167,1329.5051549999998,-0.0024981254686330303
603682.SH,20260113,7.59,118500,20260114,7.54245,规则卖出,base,-6976.754156250032,1342.0791562499999,-0.007755052343633494
603282.SH,20260113,22.88,39300,20260114,23.50647,规则卖出,base,23240.719661249987,1379.5513387499998,0.025839995966917346
301333.SZ,20260113,76.48,11700,20260114,77.77215,规则卖出,base,13757.03330624991,1361.1216937499998,0.015370305076711893
000815.SZ,20260128,14.28,63700,20260129,13.3866,规则卖出,base,-58202.897025000086,1293.3170249999998,-0.0639688292212662
301177.SZ,20260128,38.76,23400,20260129,40.7592,规则卖出,base,45362.327399999995,1418.9526,0.05000197319091279
603900.SH,20260128,10.53,86400,20260129,10.91907,规则卖出,base,32208.940439999893,1406.70756,0.03539368363037434
300975.SZ,20260129,16.96,54000,20260130,16.7832,规则卖出,base,-10909.02599999999,1361.826,-0.011908520511381578
603162.SH,20260129,14.36,63800,20260130,14.34564,规则卖出,base,-2289.274790000038,1373.10679,-0.0024981254686328833
000560.SZ,20260129,3.33,275200,20260130,3.3366599999999997,规则卖出,base,455.91695999999433,1376.91504,0.0004973756560859723
600821.SH,20260212,6.51,140100,20260213,6.5134799999999995,规则卖出,base,-881.1379350000117,1368.6859350000002,-0.0009658645246522599
001216.SZ,20260227,20.66,44100,20260302,20.24973,规则卖出,base,-19436.949866250005,1344.0428662499999,-0.021328025326678983
002628.SZ,20260227,5.27,173000,20260302,5.24475,规则卖出,base,-5730.354687499939,1362.1046875,-0.006283711330231892
002633.SZ,20260227,19.35,47100,20260302,18.93105,规则卖出,base,-21074.956818750183,1342.4118187499998,-0.023118319257395152
600798.SH,20260303,4.64,193200,20260304,4.62537,规则卖出,base,-4167.654854999774,1341.1388550000001,-0.004647913991329503
600617.SH,20260303,3.7,242300,20260304,3.95604,规则卖出,base,60616.178885,1422.3131150000002,0.06759660084978755
601022.SH,20260303,11.24,79700,20260304,10.669319999999999,规则卖出,base,-46770.084005000135,1286.8880049999998,-0.05219572775845199
000065.SZ,20260324,14.22,63200,20260325,14.4855,规则卖出,base,15410.569499999961,1369.0304999999998,0.017143261652941152
002479.SZ,20260325,5.92,152800,20260326,6.293699999999999,规则卖出,base,55673.119299999875,1428.2406999999998,0.061530711072231806
000690.SZ,20260325,5.61,161300,20260326,5.82417,规则卖出,base,33145.099473749906,1400.5215262499999,0.03661959510122459
002580.SZ,20260325,15.54,58200,20260326,14.985,规则卖出,base,-33617.26574999995,1316.26575,-0.037160352768950564
600664.SH,20260407,3.87,238500,20260408,3.86613,规则卖出,base,-2306.3337562499523,1383.3387562500002,-0.00249812546863279
603196.SH,20260408,30.99,29700,20260409,32.28768,规则卖出,base,37112.31512999999,1428.78087,0.04031173232829255
600641.SH,20260408,21.09,43700,20260409,20.89908,规则卖出,base,-9715.224494999879,1372.0204950000002,-0.010538681119193755
002395.SZ,20260515,21.19,43900,20260518,21.11886,规则卖出,base,-4514.503692499964,1391.4576925000001,-0.004851834469414698
603310.SH,20260515,17.66,52700,20260518,17.87211,规则卖出,base,9768.201253749903,1409.9957462499997,0.010493122047913738
688360.SH,20260519,24.18,38600,20260520,23.976,规则卖出,base,-9264.578999999969,1390.179,-0.00992369773561569
603380.SH,20260519,43.1,21600,20260520,43.486470000000004,规则卖出,base,6940.877310000118,1406.8746900000003,0.007453749381680229
000600.SZ,20260519,10.88,85700,20260520,10.989,规则卖出,base,7930.999374999948,1410.300625,0.008503733441639532
000518.SZ,20260520,3.41,274300,20260521,3.4965,规则卖出,base,22294.246812500034,1432.7031875,0.023828903477942868
300197.SZ,20260601,1.93,488400,20260602,2.08791,规则卖出,base,75612.921945,1510.3220549999999,0.08019633045106599
601066.SH,20260622,27.39,35300,20260623,28.5714,规则卖出,base,40200.990225000096,1502.4297750000003,0.04156822240223087
002587.SZ,20260630,7.81,125600,20260701,7.75224,规则卖出,base,-8716.99168000004,1462.33568,-0.008884181003404759
600179.SH,20260701,4.84,202100,20260702,4.8951,规则卖出,base,9654.544362500046,1481.1656375,0.009867600248698203
600885.SH,20260701,37.94,25700,20260702,36.972989999999996,规则卖出,base,-26283.678803750034,1431.52180375,-0.026949278428943145
603339.SH,20260708,15.47,62800,20260709,15.66432,规则卖出,base,10730.767880000014,1472.5281199999997,0.011042623959394782
